strain	virus	gisaid_epi_isl	date	region	country	division	location	region_exposure	country_exposure	division_exposure	segment	length	host	age	sex	Nextstrain_clade	pango_lineage	GISAID_clade	originating_lab	submitting_lab	authors	url	title	paper_url	date_submitted	purpose_of_sequencing	Nextclade_pango	QC_overall_score	QC_overall_status	divergence	missing_data	nonACGTN	substitutions	deletions	insertions	frame_shifts	aaSubstitutions	reversion_mutations	potential_contaminants	rare_mutations	QC_missing_data	QC_mixed_sites	QC_rare_mutations	QC_snp_clusters	QC_frame_shifts	QC_stop_codons	clock_deviation
Norway/26/2025	betacoronavirus	EPI_ISL_20127672	2025-01-06	Europe	Norway	Nordland		Europe	Norway	Nordland	genome	29732	Human	unknown	unknown	24F	XEC.9	GRA	Oslo University Hospital, Department of Microbiology	Norwegian Institute of Public Health Dep. Virology	Kathrine Stene-Johansen, Andreas Rohringer, Kamilla Heddeland Instefjord, Hilde Elshaug, Garcia Llorente Ignacio, Jon Bråte, Engebretsen Serina Beate, Pedersen Benedikte Nevjen, Atiya R Ali, Marie Paulsen Madsen, Rasmus Riis Kopperud, Karoline Bragstad, Olav Hungnes	https://www.gisaid.org/	?	?	2025-08-12	?	XEC.9	72.128056	mediocre	119	2523	0	C241T,T670G,C897A,C3037T,G3431T,T3565C,G3629A,G4184A,C4321T,A6183G,C7086T,C7113T,A7842G,G7936T,C8293T,G8393A,C9344T,A9424G,C9534T,G10447A,C10449A,G11042T,G11727A,C12789T,C12815T,C12880T,T13339C,C14408T,C15714T,T15756A,C17410T,A18163G,A18492G,C18657T,C18894T,C19716T,C19955T,C21618T,C21622T,G21624C,C21627A,C21711T,T21738C,G21941T,G21987A,T22032C,C22033A,A22034G,T22200G,C22208T,C22295A,C22353A,A22556G,G22577C,G22578A,A22629C,C22674T,T22679C,C22686T,A22688G,G22770A,G22775A,A22786C,G22813T,T22882G,G22895C,T22896A,G22898A,A22910G,C22916T,T22917G,T22926C,T22928C,T22942A,G22992A,C22995A,T23005A,G23012A,T23018C,T23019C,C23039G,A23055G,A23063T,T23075C,G23222A,C23271T,A23403G,C23854A,G23948T,G24872T,C24990T,C25000T,C25006T,C25207T,C25584T,C26270T,G26529C,C26577G,A26610G,C26681T,G26709A,C26833T,C26858T,A27259C,G27382C,A27383T,T27384C,C27807T,T27810C,A28271T,C28291A,C28311T,G28881A,G28882A,G28883C,G28884C,C28958A,C29370T,A29510C	11288-11296,21633-21641,21765-21770,21992-21994,22194-22196,23009-23011,28362-28370			E:T9I,M:D3H,M:Q19E,M:T30A,M:A63T,M:A104V,N:P13L,N:R203K,N:G204P,N:Q229K,N:T366I,N:S413R,ORF1a:S135R,ORF1a:A211D,ORF1a:V1056L,ORF1a:V1122I,ORF1a:G1307S,ORF1a:K1973R,ORF1a:T2274I,ORF1a:T2283I,ORF1a:N2526S,ORF1a:A2710T,ORF1a:L3027F,ORF1a:T3090I,ORF1a:P3395H,ORF1a:V3593F,ORF1a:R3821K,ORF1a:T4175I,ORF1b:P314L,ORF1b:R1315C,ORF1b:I1566V,ORF1b:T2163I,ORF6:D61L,ORF7b:F19L,ORF9b:P3H,ORF9b:P10S,S:T19I,S:R21T,S:T22N,S:A27S,S:S50L,S:F59S,S:V127F,S:G142D,S:F157S,S:R158G,S:L212I,S:V213G,S:L216F,S:H245N,S:A264D,S:I332V,S:G339H,S:K356T,S:S371F,S:S373P,S:S375F,S:T376A,S:R403K,S:D405N,S:R408S,S:K417N,S:N440K,S:V445H,S:G446S,S:N450D,S:L452W,S:L455S,S:F456L,S:N460K,S:S477N,S:T478K,S:N481K,S:E484K,S:F486P,S:Q493E,S:Q498R,S:N501Y,S:Y505H,S:E554K,S:A570V,S:D614G,S:N764K,S:D796Y,S:V1104L,S:P1143L	1	1	3	mediocre	good	good	good	good	good	11.0
Norway/2192/2025	betacoronavirus	EPI_ISL_20127674	2025-02-06	Europe	Norway	Akershus		Europe	Norway	Akershus	genome	28575	Human	unknown	unknown	24F	XEC.38	GRA	Furst Medical Laboratory	Norwegian Institute of Public Health Dep. Virology	Kathrine Stene-Johansen, Andreas Rohringer, Kamilla Heddeland Instefjord, Hilde Elshaug, Garcia Llorente Ignacio, Jon Bråte, Engebretsen Serina Beate, Pedersen Benedikte Nevjen, Atiya R Ali, Marie Paulsen Madsen, Rasmus Riis Kopperud, Karoline Bragstad, Olav Hungnes	https://www.gisaid.org/	?	?	2025-08-12	?	XEC.38	5.222071	good	129	917	0	T1582C,G2060A,C2790T,C3037T,G3431T,T3565C,G4184A,C4321T,C4827T,A6183G,A7842G,C8293T,G8393A,C9344T,A9424G,C9534T,C10029T,C10198T,G10447A,C10449A,G11042T,T11220C,G11727A,C12789T,C12815T,C12880T,T13339C,C14408T,C15714T,T15756A,C17410T,A18163G,A18492G,C18657T,C18894T,C19716T,C19955T,A20055G,C21618T,C21622T,G21624C,C21627A,C21711T,T21738C,G21941T,G21987A,T22032C,C22033A,A22034G,T22200G,C22208T,C22295A,C22353A,A22556G,G22577C,G22578A,A22629C,C22674T,T22679C,C22686T,A22688G,G22770A,G22775A,A22786C,G22813T,T22882G,G22895C,T22896A,G22898A,A22910G,C22916T,T22917G,T22926C,T22928C,T22942A,G22992A,C22995A,T23005A,G23012A,T23018C,T23019C,C23039G,A23055G,A23063T,T23075C,G23222A,C23271T,A23403G,C23423T,C23525T,T23599G,C23604G,C23854A,G23948T,C24378T,A24424T,T24469A,G24872T,C24990T,C25000T,C25006T,C25207T,G25352T,C25584T,C26060T,C26270T,G26529C,C26577G,A26610G,C26681T,G26709A,C26833T,C26858T,A27259C,G27382C,A27383T,T27384C,C27493T,C27807T,T27810C,A28271T,C28291A,C28311T,G28881A,G28882A,G28883C,G28884C,C28958A,A29510C	11288-11296,21633-21641,21765-21770,21992-21994,22194-22196,23009-23011,28362-28370			E:T9I,M:D3H,M:Q19E,M:T30A,M:A63T,M:A104V,N:P13L,N:R203K,N:G204P,N:Q229K,N:S413R,ORF1a:A599T,ORF1a:T842I,ORF1a:V1056L,ORF1a:G1307S,ORF1a:T1521I,ORF1a:K1973R,ORF1a:N2526S,ORF1a:A2710T,ORF1a:L3027F,ORF1a:T3090I,ORF1a:T3255I,ORF1a:P3395H,ORF1a:V3593F,ORF1a:M3652T,ORF1a:R3821K,ORF1a:T4175I,ORF1b:P314L,ORF1b:R1315C,ORF1b:I1566V,ORF1b:T2163I,ORF3a:T223I,ORF6:D61L,ORF7a:P34S,ORF7b:F19L,ORF9b:P3H,ORF9b:P10S,S:T19I,S:R21T,S:T22N,S:A27S,S:S50L,S:F59S,S:V127F,S:G142D,S:F157S,S:R158G,S:L212I,S:V213G,S:L216F,S:H245N,S:A264D,S:I332V,S:G339H,S:K356T,S:S371F,S:S373P,S:S375F,S:T376A,S:R403K,S:D405N,S:R408S,S:K417N,S:N440K,S:V445H,S:G446S,S:N450D,S:L452W,S:L455S,S:F456L,S:N460K,S:S477N,S:T478K,S:N481K,S:E484K,S:F486P,S:Q493E,S:Q498R,S:N501Y,S:Y505H,S:E554K,S:A570V,S:D614G,S:P621S,S:H655Y,S:N679K,S:P681R,S:N764K,S:D796Y,S:S939F,S:Q954H,S:N969K,S:V1104L,S:P1143L,S:V1264L	0	0	3	good	good	good	good	good	good	20.0
Norway/2344/2025	betacoronavirus	EPI_ISL_20127676	2025-02-09	Europe	Norway	Troms		Europe	Norway	Troms	genome	28575	Human	unknown	unknown	24F	XEC.8	GRA	University Hospital of Northern Norway, Department for Microbiology and Infectious Disease Control	Norwegian Institute of Public Health Dep. Virology	Kathrine Stene-Johansen, Andreas Rohringer, Kamilla Heddeland Instefjord, Hilde Elshaug, Garcia Llorente Ignacio, Jon Bråte, Engebretsen Serina Beate, Pedersen Benedikte Nevjen, Atiya R Ali, Marie Paulsen Madsen, Rasmus Riis Kopperud, Karoline Bragstad, Olav Hungnes	https://www.gisaid.org/	?	?	2025-08-12	?	XEC.8	29.710508	good	132	886	0	G1857T,C2790T,C3037T,G3431T,T3565C,G4184A,C4321T,C4999T,A6183G,A6256G,C7113T,A7842G,C8293T,G8393A,C9344T,A9424G,C9534T,C10029T,C10198T,G10447A,C10449A,G11042T,G11727A,G12223A,C12789T,C12815T,C12880T,T13339C,C14408T,C15714T,T15756A,C17410T,A18163G,A18492G,C18657T,C18894T,C19716T,C19955T,A20055G,C21618T,C21622T,G21624C,C21627A,C21711T,T21738C,G21941T,G21987A,T22032C,C22033A,A22034G,T22200G,C22208T,C22295A,C22353A,A22556G,G22577C,G22578A,A22629C,C22674T,T22679C,C22686T,A22688G,G22770A,G22775A,A22786C,G22813T,T22882G,G22895C,T22896A,G22898A,A22910G,C22916T,T22917G,T22926C,T22928C,T22942A,G22992A,C22995A,T23005A,G23012A,T23018C,T23019C,C23039G,A23055G,A23063T,T23075C,G23222A,C23271T,A23403G,C23423T,C23525T,T23599G,C23604G,C23854A,G23948T,T24376C,C24378T,A24424T,T24469A,G24757T,G24872T,C24990T,C25000T,C25006T,C25207T,C25584T,C25614T,C26060T,C26270T,G26529C,C26577G,A26610G,C26681T,G26709A,C26833T,C26858T,A27259C,G27382C,A27383T,T27384C,C27807T,T27810C,T27995C,A28271T,C28291A,C28311T,G28881A,G28882A,G28883C,G28884C,C28958A,A29510C	11288-11296,21633-21641,21765-21770,21992-21994,22194-22196,23009-23011,28362-28370			E:T9I,M:D3H,M:Q19E,M:T30A,M:A63T,M:A104V,N:P13L,N:R203K,N:G204P,N:Q229K,N:S413R,ORF1a:S531I,ORF1a:T842I,ORF1a:V1056L,ORF1a:G1307S,ORF1a:K1973R,ORF1a:T2283I,ORF1a:N2526S,ORF1a:A2710T,ORF1a:L3027F,ORF1a:T3090I,ORF1a:T3255I,ORF1a:P3395H,ORF1a:V3593F,ORF1a:R3821K,ORF1a:T4175I,ORF1b:P314L,ORF1b:R1315C,ORF1b:I1566V,ORF1b:T2163I,ORF3a:T223I,ORF6:D61L,ORF7b:F19L,ORF9b:P3H,ORF9b:P10S,S:T19I,S:R21T,S:T22N,S:A27S,S:S50L,S:F59S,S:V127F,S:G142D,S:F157S,S:R158G,S:L212I,S:V213G,S:L216F,S:H245N,S:A264D,S:I332V,S:G339H,S:K356T,S:S371F,S:S373P,S:S375F,S:T376A,S:R403K,S:D405N,S:R408S,S:K417N,S:N440K,S:V445H,S:G446S,S:N450D,S:L452W,S:L455S,S:F456L,S:N460K,S:S477N,S:T478K,S:N481K,S:E484K,S:F486P,S:Q493E,S:Q498R,S:N501Y,S:Y505H,S:E554K,S:A570V,S:D614G,S:P621S,S:H655Y,S:N679K,S:P681R,S:N764K,S:D796Y,S:S939F,S:Q954H,S:N969K,S:V1104L,S:P1143L	1	2	6	good	good	mediocre	good	good	good	22.0
Norway/3331/2025	betacoronavirus	EPI_ISL_20127681	2025-02-24	Europe	Norway	Oslo		Europe	Norway	Oslo	genome	28575	Human	unknown	unknown	24F	XEC.37	GRA	Furst Medical Laboratory	Norwegian Institute of Public Health Dep. Virology	Kathrine Stene-Johansen, Andreas Rohringer, Kamilla Heddeland Instefjord, Hilde Elshaug, Garcia Llorente Ignacio, Jon Bråte, Engebretsen Serina Beate, Pedersen Benedikte Nevjen, Atiya R Ali, Marie Paulsen Madsen, Rasmus Riis Kopperud, Karoline Bragstad, Olav Hungnes	https://www.gisaid.org/	?	?	2025-08-12	?	XEC.11.1	7.923182	good	132	1060	0	G2060A,C2790T,C3037T,G3431T,T3565C,T3707C,G4184A,C4321T,A6183G,G6533T,A7842G,C8293T,G8393A,C9344T,A9424G,C9534T,C10029T,C10198T,G10447A,C10449A,G11042T,G11727A,C12789T,C12815T,C12880T,T13339C,C14408T,C15714T,T15756A,C16887T,C17410T,A18163G,A18492G,C18657T,C18894T,C19716T,C19955T,A20055G,C21618T,C21622T,G21624C,C21627A,C21711T,T21738C,G21941T,G21987A,T22032C,C22033A,A22034G,A22108T,T22200G,C22208T,C22295A,C22353A,A22556G,G22577C,G22578A,A22629C,C22674T,T22679C,C22686T,A22688G,G22770A,G22775A,A22786C,G22813T,T22882G,G22895C,T22896A,G22898A,A22910G,C22916T,T22917G,T22926C,T22928C,T22942A,G22992A,C22995A,T23005A,G23012A,T23018C,T23019C,C23039G,A23055G,A23063T,T23075C,G23222A,C23271T,A23403G,C23423T,C23525T,T23599G,C23604G,C23854A,G23948T,C24378T,A24424T,T24469A,G24872T,C24990T,C25000T,C25006T,C25207T,G25352C,C25584T,G25647T,C26060T,T26171A,C26270T,G26529C,C26577G,A26610G,C26681T,G26709A,C26833T,C26858T,A27259C,G27382C,A27383T,T27384C,C27807T,T27810C,A28271T,C28291A,C28311T,G28881A,G28882A,G28883C,G28884C,C28958A,A29510C,A29570G	11288-11296,21633-21641,21765-21770,21992-21994,22194-22196,23009-23011,28362-28370			E:T9I,M:D3H,M:Q19E,M:T30A,M:A63T,M:A104V,N:P13L,N:R203K,N:G204P,N:Q229K,N:S413R,ORF1a:A599T,ORF1a:T842I,ORF1a:V1056L,ORF1a:G1307S,ORF1a:K1973R,ORF1a:V2090F,ORF1a:N2526S,ORF1a:A2710T,ORF1a:L3027F,ORF1a:T3090I,ORF1a:T3255I,ORF1a:P3395H,ORF1a:V3593F,ORF1a:R3821K,ORF1a:T4175I,ORF1b:P314L,ORF1b:R1315C,ORF1b:I1566V,ORF1b:T2163I,ORF3a:L85F,ORF3a:T223I,ORF3a:M260K,ORF6:D61L,ORF7b:F19L,ORF9b:P3H,ORF9b:P10S,S:T19I,S:R21T,S:T22N,S:A27S,S:S50L,S:F59S,S:V127F,S:G142D,S:F157S,S:R158G,S:K182N,S:L212I,S:V213G,S:L216F,S:H245N,S:A264D,S:I332V,S:G339H,S:K356T,S:S371F,S:S373P,S:S375F,S:T376A,S:R403K,S:D405N,S:R408S,S:K417N,S:N440K,S:V445H,S:G446S,S:N450D,S:L452W,S:L455S,S:F456L,S:N460K,S:S477N,S:T478K,S:N481K,S:E484K,S:F486P,S:Q493E,S:Q498R,S:N501Y,S:Y505H,S:E554K,S:A570V,S:D614G,S:P621S,S:H655Y,S:N679K,S:P681R,S:N764K,S:D796Y,S:S939F,S:Q954H,S:N969K,S:V1104L,S:P1143L,S:V1264L	0	0	3	good	good	good	good	good	good	22.0
Norway/3396/2025	betacoronavirus	EPI_ISL_20127683	2025-02-26	Europe	Norway	Ostfold		Europe	Norway	Ostfold	genome	28575	Human	unknown	unknown	24F	XEC.29	GRA	Ostfold Hospital Trust - Kalnes, Centre for Laboratory Medicine, Section for gene technology and infection serology	Norwegian Institute of Public Health Dep. Virology	Kathrine Stene-Johansen, Andreas Rohringer, Kamilla Heddeland Instefjord, Hilde Elshaug, Garcia Llorente Ignacio, Jon Bråte, Engebretsen Serina Beate, Pedersen Benedikte Nevjen, Atiya R Ali, Marie Paulsen Madsen, Rasmus Riis Kopperud, Karoline Bragstad, Olav Hungnes	https://www.gisaid.org/	?	?	2025-08-12	?	XEC.29	4.710508	good	131	886	0	G2060A,C2790T,C3037T,G3431T,T3565C,G4184A,C4321T,C5812T,A6183G,G6309A,A7842G,C8293T,G8393A,C9344T,A9424G,C9534T,C10029T,C10198T,G10447A,C10449A,G11042T,G11727A,C12789T,C12815T,C12880T,T13339C,C14408T,C15714T,T15756A,C17410T,A18163G,A18492G,C18657T,C18894T,C19164T,C19716T,C19955T,A20055G,G20397A,C21618T,C21622T,G21624C,C21627A,C21711T,T21738C,G21941T,G21987A,T22032C,C22033A,A22034G,T22200G,C22208T,C22295A,C22353A,A22556G,G22577C,G22578A,A22629C,C22674T,T22679C,C22686T,A22688G,G22770A,G22775A,A22786C,G22813T,T22882G,G22895C,T22896A,G22898A,A22910G,C22916T,T22917G,T22926C,T22928C,T22942A,G22992A,C22995A,T23005A,G23012A,T23018C,T23019C,C23039G,A23055G,A23063T,T23075C,G23222A,C23271T,A23403G,C23423T,C23525T,T23599G,C23604G,C23854A,C23929T,G23948T,C24378T,A24424T,T24469A,G24872T,C24990T,C25000T,C25006T,C25207T,C25584T,C26060T,C26270T,G26529C,C26577G,A26610G,C26681T,G26709A,C26833T,C26858T,A27259C,G27382C,A27383T,T27384C,C27661T,C27807T,T27810C,A28271T,C28291A,C28311T,G28881A,G28882A,G28883C,G28884C,C28958A,C29274G,A29510C	11288-11296,21633-21641,21765-21770,21992-21994,22194-22196,23009-23011,28362-28370			E:T9I,M:D3H,M:Q19E,M:T30A,M:A63T,M:A104V,N:P13L,N:R203K,N:G204P,N:Q229K,N:T334R,N:S413R,ORF1a:A599T,ORF1a:T842I,ORF1a:V1056L,ORF1a:G1307S,ORF1a:K1973R,ORF1a:S2015N,ORF1a:N2526S,ORF1a:A2710T,ORF1a:L3027F,ORF1a:T3090I,ORF1a:T3255I,ORF1a:P3395H,ORF1a:V3593F,ORF1a:R3821K,ORF1a:T4175I,ORF1b:P314L,ORF1b:R1315C,ORF1b:I1566V,ORF1b:T2163I,ORF3a:T223I,ORF6:D61L,ORF7a:Q90*,ORF7b:F19L,ORF9b:P3H,ORF9b:P10S,S:T19I,S:R21T,S:T22N,S:A27S,S:S50L,S:F59S,S:V127F,S:G142D,S:F157S,S:R158G,S:L212I,S:V213G,S:L216F,S:H245N,S:A264D,S:I332V,S:G339H,S:K356T,S:S371F,S:S373P,S:S375F,S:T376A,S:R403K,S:D405N,S:R408S,S:K417N,S:N440K,S:V445H,S:G446S,S:N450D,S:L452W,S:L455S,S:F456L,S:N460K,S:S477N,S:T478K,S:N481K,S:E484K,S:F486P,S:Q493E,S:Q498R,S:N501Y,S:Y505H,S:E554K,S:A570V,S:D614G,S:P621S,S:H655Y,S:N679K,S:P681R,S:N764K,S:D796Y,S:S939F,S:Q954H,S:N969K,S:V1104L,S:P1143L	0	0	6	good	good	good	good	good	good	21.0
Norway/7856/2025	betacoronavirus	EPI_ISL_20127697	2025-06-10	Europe	Norway	Nordland		Europe	Norway	Nordland	genome	28575	Human	unknown	unknown	24F	XEC	GRA	Nordland Hospital - Bodo, Laboratory Department, Molecular Biology Unit	Norwegian Institute of Public Health Dep. Virology	Kathrine Stene-Johansen, Andreas Rohringer, Kamilla Heddeland Instefjord, Hilde Elshaug, Garcia Llorente Ignacio, Jon Bråte, Engebretsen Serina Beate, Pedersen Benedikte Nevjen, Atiya R Ali, Marie Paulsen Madsen, Rasmus Riis Kopperud, Karoline Bragstad, Olav Hungnes	https://www.gisaid.org/	?	?	2025-08-12	?	XEC	14.0625	good	131	268	0	C1150T,G2060A,C2790T,C2902T,C3037T,G3431T,T3565C,G4184A,C4321T,A6183G,C7420T,A7842G,C8293T,G8393A,C9344T,A9424G,C9534T,C10029T,C10156T,C10198T,G10447A,C10449A,G11042T,G11727A,C12789T,C12815T,C12880T,T13339C,G14346A,C14408T,C15714T,C15738T,T15756A,C17410T,A18163G,A18492G,C18657T,C18894T,C19716T,C19955T,A20055G,C21618T,C21622T,G21624C,C21627A,C21711T,T21738C,G21941T,G21987A,T22032C,C22033A,A22034G,T22200G,C22208T,C22295A,C22353A,A22556G,G22577C,G22578A,A22629C,C22674T,T22679C,C22686T,A22688G,G22770A,G22775A,A22786C,G22813T,T22882G,G22895C,T22896A,G22898A,A22910G,C22916T,G22918T,T22926C,T22928C,T22942A,G22992A,C22995A,T23005A,G23012A,T23018C,T23019C,C23039G,A23055G,A23063T,T23075C,G23222A,C23271T,A23403G,C23423T,C23525T,T23599G,C23604G,C23854A,G23948T,C24378T,A24424T,T24469A,G24872T,C24990T,C25000T,C25006T,C25207T,C25584T,C25609T,C26060T,C26270T,G26529C,C26577G,A26610G,C26681T,G26709A,C26833T,C26858T,A27259C,G27382C,A27383T,T27384C,C27807T,T27810C,A28271T,C28291A,C28311T,G28881A,G28882A,G28883C,G28884C,C28958A,A29510C	11288-11296,21633-21641,21765-21770,21992-21994,22194-22196,23009-23011,28362-28370			E:T9I,M:D3H,M:Q19E,M:T30A,M:A63T,M:A104V,N:P13L,N:R203K,N:G204P,N:Q229K,N:S413R,ORF1a:A599T,ORF1a:T842I,ORF1a:V1056L,ORF1a:G1307S,ORF1a:K1973R,ORF1a:N2526S,ORF1a:A2710T,ORF1a:L3027F,ORF1a:T3090I,ORF1a:T3255I,ORF1a:P3395H,ORF1a:V3593F,ORF1a:R3821K,ORF1a:T4175I,ORF1b:P314L,ORF1b:R1315C,ORF1b:I1566V,ORF1b:T2163I,ORF3a:L73F,ORF3a:T223I,ORF6:D61L,ORF7b:F19L,ORF9b:P3H,ORF9b:P10S,S:T19I,S:R21T,S:T22N,S:A27S,S:S50L,S:F59S,S:V127F,S:G142D,S:F157S,S:R158G,S:L212I,S:V213G,S:L216F,S:H245N,S:A264D,S:I332V,S:G339H,S:K356T,S:S371F,S:S373P,S:S375F,S:T376A,S:R403K,S:D405N,S:R408S,S:K417N,S:N440K,S:V445H,S:G446S,S:N450D,S:L452F,S:L455S,S:F456L,S:N460K,S:S477N,S:T478K,S:N481K,S:E484K,S:F486P,S:Q493E,S:Q498R,S:N501Y,S:Y505H,S:E554K,S:A570V,S:D614G,S:P621S,S:H655Y,S:N679K,S:P681R,S:N764K,S:D796Y,S:S939F,S:Q954H,S:N969K,S:V1104L,S:P1143L	1	1	7	good	good	mediocre	good	good	good	15.0
Norway/8021/2025	betacoronavirus	EPI_ISL_20127703	2025-07-02	Europe	Norway	Innlandet		Europe	Norway	Innlandet	genome	28575	Human	unknown	unknown	24F	XEC.32.1	GRA	Innlandet Hospital Trust, Division Lillehammer, Department for Medical Microbiology	Norwegian Institute of Public Health Dep. Virology	Kathrine Stene-Johansen, Andreas Rohringer, Kamilla Heddeland Instefjord, Hilde Elshaug, Garcia Llorente Ignacio, Jon Bråte, Engebretsen Serina Beate, Pedersen Benedikte Nevjen, Atiya R Ali, Marie Paulsen Madsen, Rasmus Riis Kopperud, Karoline Bragstad, Olav Hungnes	https://www.gisaid.org/	?	?	2025-08-12	?	XEC.32.1	0.0	good	138	0	0	C1722T,G2060A,C2110T,C2695T,C2790T,C3037T,G3431T,T3565C,G4184A,C4321T,A6183G,G6352T,C6896T,A7842G,G8258A,C8293T,G8393A,T8652C,C9344T,A9424G,C9534T,C10029T,C10198T,G10447A,C10449A,C10702T,G11042T,G11727A,C12789T,C12815T,C12880T,T13339C,C14408T,C15714T,T15756A,C15963A,C17410T,A18163G,A18492G,C18657T,C18894T,C19660T,C19716T,C19955T,A20055G,C21618T,C21622T,G21624C,C21627A,C21711T,T21738C,C21928T,G21941T,G21987A,T22032C,C22033A,A22034G,T22200G,C22208T,C22295A,C22353A,A22556G,G22577C,G22578A,A22629C,C22674T,T22679C,C22686T,A22688G,G22770A,G22775A,A22786C,G22813T,G22865T,T22882G,G22895C,T22896A,G22898A,A22910G,C22916T,T22917G,T22926C,T22928C,T22942A,G22992A,C22995A,T23005A,G23012A,T23018C,T23019C,C23039G,A23055G,A23063T,T23075C,G23222A,C23271T,A23403G,C23423T,C23525T,A23598G,T23599G,C23604G,C23854A,G23948T,C24378T,A24424T,T24469A,G24872T,C24990T,C25000T,C25006T,C25207T,C25584T,C26060T,C26270T,G26529C,C26577G,A26610G,C26681T,G26709A,C26833T,C26858T,A27259C,G27382C,A27383T,T27384C,C27807T,T27810C,C28093T,A28271T,C28291A,C28311T,G28881A,G28882A,G28883C,G28884C,C28958A,A29510C	11288-11296,21633-21641,21765-21770,21992-21994,22194-22196,23009-23011,28362-28370			E:T9I,M:D3H,M:Q19E,M:T30A,M:A63T,M:A104V,N:P13L,N:R203K,N:G204P,N:Q229K,N:S413R,ORF1a:A486V,ORF1a:A599T,ORF1a:T842I,ORF1a:V1056L,ORF1a:G1307S,ORF1a:K1973R,ORF1a:K2029N,ORF1a:N2526S,ORF1a:V2665I,ORF1a:A2710T,ORF1a:M2796T,ORF1a:L3027F,ORF1a:T3090I,ORF1a:T3255I,ORF1a:P3395H,ORF1a:V3593F,ORF1a:R3821K,ORF1a:T4175I,ORF1b:P314L,ORF1b:R1315C,ORF1b:I1566V,ORF1b:H2065Y,ORF1b:T2163I,ORF3a:T223I,ORF6:D61L,ORF7b:F19L,ORF8:S67F,ORF9b:P3H,ORF9b:P10S,S:T19I,S:R21T,S:T22N,S:A27S,S:S50L,S:F59S,S:V127F,S:G142D,S:F157S,S:R158G,S:L212I,S:V213G,S:L216F,S:H245N,S:A264D,S:I332V,S:G339H,S:K356T,S:S371F,S:S373P,S:S375F,S:T376A,S:R403K,S:D405N,S:R408S,S:K417N,S:A435S,S:N440K,S:V445H,S:G446S,S:N450D,S:L452W,S:L455S,S:F456L,S:N460K,S:S477N,S:T478K,S:N481K,S:E484K,S:F486P,S:Q493E,S:Q498R,S:N501Y,S:Y505H,S:E554K,S:A570V,S:D614G,S:P621S,S:H655Y,S:N679R,S:P681R,S:N764K,S:D796Y,S:S939F,S:Q954H,S:N969K,S:V1104L,S:P1143L	0	0	2	good	good	good	good	good	good	20.0
Norway/7265/2025	betacoronavirus	EPI_ISL_20203240	2025-05-27	Europe	Norway	Vestland		Europe	Norway	Vestland	genome	28577	Human	unknown	unknown	24F	XEC.2	GRA	Haukeland University Hospital, Dept. of Microbiology	Norwegian Institute of Public Health Dep. Virology	Kathrine Stene-Johansen, Andreas Rohringer, Kamilla Heddeland Instefjord, Hilde Elshaug, Garcia Llorente Ignacio, Jon Bråte, Engebretsen Serina Beate, Pedersen Benedikte Nevjen, Atiya R Ali, Marie Paulsen Madsen, Rasmus Riis Kopperud, Karoline Bragstad, Olav Hungnes	https://www.gisaid.org/	?	?	2025-10-08	?	XEC.2.2.1	94.598203	mediocre	133	1972	0	C2790T,C3037T,G3431T,T3565C,G4184A,C4321T,A4364C,C4752T,G5180A,A6183G,A7842G,C8293T,G8393A,C9344T,A9424G,T9508C,C9534T,C10029T,C10198T,G10447A,C10449A,G11042T,C12789T,C12815T,C12880T,T13339C,C14408T,C15714T,T15756A,C17410T,A18163G,A18492G,C18657T,C18894T,C19716T,G19732A,C19955T,A20055G,C21618T,C21622T,G21624C,C21627A,T21656C,C21711T,T21738C,G21941T,G21987A,T22032C,C22033A,A22034G,T22200G,C22208T,C22295A,C22353A,A22556G,G22577C,G22578A,A22629C,C22674T,T22679C,C22686T,A22688G,G22770A,G22775A,A22786C,G22813T,T22882G,G22895C,T22896A,G22898A,A22910G,C22916T,T22917G,T22926C,T22928C,T22942A,G22992A,C22995A,T23005A,G23012A,T23018C,T23019C,C23039G,A23055G,A23063T,T23075C,G23222A,C23271T,C23277T,A23403G,C23423T,C23525T,T23599G,C23604G,C23854A,G23948T,C24378T,A24424T,T24469A,G24872T,C24990T,C25000T,C25006T,C25207T,C25521A,C25584T,C25614T,C26060T,C26270T,G26529C,C26577G,A26610G,C26681T,G26709A,C26833T,C26858T,A27259C,G27382C,A27383T,T27384C,C27807T,T27810C,C27879T,A28271T,C28291A,C28311T,G28881A,G28882A,G28883C,G28884C,C28958A,A29510C,G29628T	11288-11296,21635-21641,21765-21770,21992-21994,22194-22196,23009-23011,28362-28370		S:28-1274	E:T9I,M:D3H,M:Q19E,M:T30A,M:A63T,M:A104V,N:P13L,N:R203K,N:G204P,N:Q229K,N:S413R,ORF1a:T842I,ORF1a:V1056L,ORF1a:G1307S,ORF1a:I1367L,ORF1a:T1496I,ORF1a:D1639N,ORF1a:K1973R,ORF1a:N2526S,ORF1a:A2710T,ORF1a:L3027F,ORF1a:T3090I,ORF1a:T3255I,ORF1a:P3395H,ORF1a:V3593F,ORF1a:T4175I,ORF1b:P314L,ORF1b:R1315C,ORF1b:I1566V,ORF1b:V2089I,ORF1b:T2163I,ORF3a:F43L,ORF3a:T223I,ORF6:D61L,ORF7b:F19L,ORF7b:H42Y,ORF9b:P3H,ORF9b:P10S,S:T19I	0	0	8	mediocre	good	good	good	mediocre	good	17.0
Norway/8106/2025	betacoronavirus	EPI_ISL_20203255	2025-07-07	Europe	Norway	Oslo		Europe	Norway	Oslo	genome	28575	Human	unknown	unknown	24F	XEC.18	GR	Medical Microbiology Unit, Department for Laboratory Medicine, Drammen Hospital, Vestre Viken Health Trust	Norwegian Institute of Public Health Dep. Virology	Kathrine Stene-Johansen, Andreas Rohringer, Kamilla Heddeland Instefjord, Hilde Elshaug, Garcia Llorente Ignacio, Jon Bråte, Engebretsen Serina Beate, Pedersen Benedikte Nevjen, Atiya R Ali, Marie Paulsen Madsen, Rasmus Riis Kopperud, Karoline Bragstad, Olav Hungnes	https://www.gisaid.org/	?	?	2025-10-08	?	XEC.18.2	265.09988	bad	122	4625	0	G2060A,G2768A,C2790T,C3037T,G3431T,T3565C,G4184A,C4321T,A6183G,A7842G,C8293T,G8393A,G8615A,C9286T,C9344T,A9424G,C9534T,C10029T,C10189T,C10198T,G10447A,C10449A,G11042T,C14408T,C15714T,T15756A,C17410T,A18163G,A18492G,C18657T,C18894T,A19683G,C19716T,G19788A,C19955T,A20055G,C21618T,C21622T,G21624C,C21627A,C21711T,T21738C,G21941T,G21987A,T22032C,C22033A,A22034G,T22200G,C22208T,C22295A,C22353A,A22556G,G22577C,G22578A,A22629C,C22674T,T22679C,C22686T,A22688G,G22770A,G22775A,A22786C,G22813T,G22865T,T22882G,G22895C,T22896A,G22898A,A22910G,C22916T,T22917G,T22926C,T22928C,T22942A,G22992A,C22995A,T23005A,G23012A,T23018C,T23019C,C23039G,A23055G,A23063T,T23075C,G23222A,C23271T,G23285T,A23403G,C23423T,C23525T,C23530T,G24872T,C24990T,C25000T,C25006T,C25207T,C25584T,C25626T,C26060T,C26270T,G26529C,C26577G,A26610G,C26681T,G26709A,A27259C,G27382C,A27383T,T27384C,A28271T,C28291A,G28300T,C28311T,G28378T,G28881A,G28882A,G28883C,G28884C,C28958A,C29011T,A29305T,A29510C	11288-11296,21633-21641,21765-21770,21992-21994,22194-22196,23009-23011,28362-28370			E:T9I,M:D3H,M:Q19E,M:T30A,M:A63T,N:Q9H,N:P13L,N:R203K,N:G204P,N:Q229K,N:S413R,ORF1a:A599T,ORF1a:G835S,ORF1a:T842I,ORF1a:V1056L,ORF1a:G1307S,ORF1a:K1973R,ORF1a:N2526S,ORF1a:A2710T,ORF1a:A2784T,ORF1a:L3027F,ORF1a:T3090I,ORF1a:T3255I,ORF1a:P3395H,ORF1a:V3593F,ORF1b:P314L,ORF1b:R1315C,ORF1b:I1566V,ORF1b:T2163I,ORF3a:T223I,ORF6:D61L,ORF9b:P3H,ORF9b:S6I,ORF9b:P10S,ORF9b:R32L,S:T19I,S:R21T,S:T22N,S:A27S,S:S50L,S:F59S,S:V127F,S:G142D,S:F157S,S:R158G,S:L212I,S:V213G,S:L216F,S:H245N,S:A264D,S:I332V,S:G339H,S:K356T,S:S371F,S:S373P,S:S375F,S:T376A,S:R403K,S:D405N,S:R408S,S:K417N,S:A435S,S:N440K,S:V445H,S:G446S,S:N450D,S:L452W,S:L455S,S:F456L,S:N460K,S:S477N,S:T478K,S:N481K,S:E484K,S:F486P,S:Q493E,S:Q498R,S:N501Y,S:Y505H,S:E554K,S:A570V,S:A575S,S:D614G,S:P621S,S:H655Y,S:V1104L,S:P1143L	2	0	3	bad	good	good	good	good	good	4.0
